epoch,train_loss,train_accuracy,val_loss,val_accuracy
1,1.630594,33.1875,1.441440,42.2500
2,1.500394,40.5000,1.347613,46.7500
3,1.434005,45.0625,1.268867,52.0000
4,1.405501,45.3750,1.268003,52.0000
5,1.362982,47.7500,1.329542,48.7500
