epoch,train_loss,train_accuracy,val_loss,val_accuracy
1,1.584544,36.4375,1.529087,42.7500
2,1.476579,42.9375,1.337219,50.5000
3,1.415439,45.8125,1.299071,48.7500
4,1.392066,46.8125,1.299032,50.7500
5,1.355969,49.0000,1.207278,60.5000
