epoch,train_loss,val_loss
1,1.630594,1.441440
2,1.500394,1.347613
3,1.434005,1.268867
4,1.405501,1.268003
5,1.362982,1.329542
